gradcam_panel,block4_gamma_mean,block4_gamma_std,block4_gamma_l2,block4_delta_gamma_mean,block4_delta_gamma_std,block4_delta_gamma_l2,block4_beta_mean,block4_beta_std,block4_beta_l2,block4_raw_gamma_mean,block4_raw_gamma_std,block4_raw_gamma_l2,block4_raw_beta_mean,block4_raw_beta_std,block4_raw_beta_l2,block4_modulation_gate_mean,block4_modulation_gate_std,block4_modulation_gate_l2
correction,1.0003341000934598,0.002270071430628285,22.635045547413604,0.00033410009345967,0.002270071430628285,0.05207003749558291,7.909512821418679e-05,0.00245511128818731,0.055608480892226385,0.0168737275414855,0.11452231361643166,2.626917815869788,0.00399898231846973,0.12392186022776594,2.8068431710807795,1.0,0.0,1.0
regression,1.0003491443989332,0.002426642265284945,22.635412039258025,0.000349144398933225,0.002426642265284945,0.055658045962686455,8.18026371661211e-05,0.002604605161557145,0.05899710429816366,0.017737455279650025,0.12324512188999212,2.8266760037093053,0.004158836700205235,0.13243662903299763,2.9998093432073576,1.0,0.0,1.0
