finbert_label,rows,share
negative,6307,0.2597504221407685
neutral,11231,0.46254272888266545
positive,6743,0.27770684897656606
