analysis_name,run_seed,num_decisions,stage2_accuracy,stage4_accuracy,delta_accuracy,stage2_predicted_up_rate,stage4_predicted_up_rate,mean_prob_up_delta,mean_true_prob_delta,correction_count,regression_count,net_correction,changed_decision_rate
n16_ohlc_vb_funding_plus_cftc_oi,42,1441,0.5947258848022207,0.5995836224843858,0.004857737682165131,0.8105482303955587,0.7807078417765441,-0.011633147285846602,-0.0008347733960972324,25,18,7,0.029840388619014575
n16_ohlc_vb_funding_plus_cftc_oi,43,1441,0.5641915336571826,0.5648854961832062,0.000693962526023606,0.7536433032616239,0.7251908396946565,-0.014906448639779352,-0.0008847921709274775,21,20,1,0.028452463566967384
n16_ohlc_vb_funding_plus_cftc_oi,44,1441,0.5468424705065926,0.5489243580846634,0.002081887578070818,0.6210964607911172,0.6245662734212353,0.0014688172723418054,0.00023567455250053795,5,2,3,0.004857737682165163
n16_ohlc_vb_funding_plus_cftc_oi,45,1441,0.5628036086051353,0.5641915336571826,0.001387925052047212,0.945176960444136,0.9340735600277585,-0.006979163428464753,-0.00041671669127459646,9,7,2,0.011103400416377515
n16_ohlc_vb_funding_plus_cftc_oi,46,1441,0.5683553088133241,0.5697432338653713,0.001387925052047212,0.5746009715475364,0.5801526717557252,0.0024579355207521984,0.0005121868592347623,6,4,2,0.006939625260235947
